topic_id;topic_text;topic_url;query_id;query_text
G01;Digital assistants like Siri and Alexa entrench gender biases says UN;https://www.theguardian.com/technology/2019/may/22/digital-voice-assistants-siri-alexa-gender-biases-unesco-says;G01.1;Digital assistant
G01;Digital assistants like Siri and Alexa entrench gender biases says UN;https://www.theguardian.com/technology/2019/may/22/digital-voice-assistants-siri-alexa-gender-biases-unesco-says;G01.2;Biases
G01;Digital assistants like Siri and Alexa entrench gender biases says UN;https://www.theguardian.com/technology/2019/may/22/digital-voice-assistants-siri-alexa-gender-biases-unesco-says;G01.C1;how AI systems, especially virtual assistants, can perpetuate gender stereotypes
G01;Digital assistants like Siri and Alexa entrench gender biases says UN;https://www.theguardian.com/technology/2019/may/22/digital-voice-assistants-siri-alexa-gender-biases-unesco-says;G01.C2;interaction between users and digital assistants, and how gender roles are represented
G01;Digital assistants like Siri and Alexa entrench gender biases says UN;https://www.theguardian.com/technology/2019/may/22/digital-voice-assistants-siri-alexa-gender-biases-unesco-says;G01.C3;language models used by digital assistants and their responses to various inputs
G02;Apple contractors 'regularly hear confidential details' on Siri recordings;https://www.theguardian.com/technology/2019/jul/26/apple-contractors-regularly-hear-confidential-details-on-siri-recordings;G02.1;Confidential
G02;Apple contractors 'regularly hear confidential details' on Siri recordings;https://www.theguardian.com/technology/2019/jul/26/apple-contractors-regularly-hear-confidential-details-on-siri-recordings;G02.2;Privacy
G02;Apple contractors 'regularly hear confidential details' on Siri recordings;https://www.theguardian.com/technology/2019/jul/26/apple-contractors-regularly-hear-confidential-details-on-siri-recordings;G02.C1;concerns related to the handling of sensitive information by voice assistants
G02;Apple contractors 'regularly hear confidential details' on Siri recordings;https://www.theguardian.com/technology/2019/jul/26/apple-contractors-regularly-hear-confidential-details-on-siri-recordings;G02.C2;ethical considerations in the development and deployment of AI systems, particularly those involving personal data
G02;Apple contractors 'regularly hear confidential details' on Siri recordings;https://www.theguardian.com/technology/2019/jul/26/apple-contractors-regularly-hear-confidential-details-on-siri-recordings;G02.C3;technology behind voice assistants and how they process and interpret human speech
G03;Alexa Siri... Elsa? Children drive boom in smart speakers;https://www.theguardian.com/technology/2020/oct/18/alexa-siri-elsa-children-drive-boom-in-smart-speakers;G03.1;smart speaker
G03;Alexa Siri... Elsa? Children drive boom in smart speakers;https://www.theguardian.com/technology/2020/oct/18/alexa-siri-elsa-children-drive-boom-in-smart-speakers;G03.2;surveillance
G03;Alexa Siri... Elsa? Children drive boom in smart speakers;https://www.theguardian.com/technology/2020/oct/18/alexa-siri-elsa-children-drive-boom-in-smart-speakers;G03.C1;how children interact with voice assistants and the design of child-friendly interfaces
G03;Alexa Siri... Elsa? Children drive boom in smart speakers;https://www.theguardian.com/technology/2020/oct/18/alexa-siri-elsa-children-drive-boom-in-smart-speakers;G03.C2;privacy and safety concerns for children using voice assistants and connected devices
G03;Alexa Siri... Elsa? Children drive boom in smart speakers;https://www.theguardian.com/technology/2020/oct/18/alexa-siri-elsa-children-drive-boom-in-smart-speakers;G03.C3;impact of emerging technologies like voice assistants on family life and child development
G04;Drug companies look to AI to end 'hit and miss' research;https://www.theguardian.com/business/2021/feb/20/drug-companies-look-to-ai-to-end-hit-and-miss-research;G04.1;drug discovery
G04;Drug companies look to AI to end 'hit and miss' research;https://www.theguardian.com/business/2021/feb/20/drug-companies-look-to-ai-to-end-hit-and-miss-research;G04.2;functional genomics
G04;Drug companies look to AI to end 'hit and miss' research;https://www.theguardian.com/business/2021/feb/20/drug-companies-look-to-ai-to-end-hit-and-miss-research;G04.3;infectious diseases
G04;Drug companies look to AI to end 'hit and miss' research;https://www.theguardian.com/business/2021/feb/20/drug-companies-look-to-ai-to-end-hit-and-miss-research;G04.C1;use of AI to improve success rates and speed in the pharmaceutical research field
G04;Drug companies look to AI to end 'hit and miss' research;https://www.theguardian.com/business/2021/feb/20/drug-companies-look-to-ai-to-end-hit-and-miss-research;G04.C2;how machine learning models predict disease patterns and treatment outcomes
G04;Drug companies look to AI to end 'hit and miss' research;https://www.theguardian.com/business/2021/feb/20/drug-companies-look-to-ai-to-end-hit-and-miss-research;G04.C3;role of data mining techniques in analyzing complex biological data for drug development
G05;After the Nobel what next for Crispr gene-editing therapies?;https://www.theguardian.com/science/2021/feb/21/after-the-nobel-what-next-for-crispr-gene-editing-therapies;G05.1;gene editing
G05;After the Nobel what next for Crispr gene-editing therapies?;https://www.theguardian.com/science/2021/feb/21/after-the-nobel-what-next-for-crispr-gene-editing-therapies;G05.2;crispr
G05;After the Nobel what next for Crispr gene-editing therapies?;https://www.theguardian.com/science/2021/feb/21/after-the-nobel-what-next-for-crispr-gene-editing-therapies;G05.C1;application of machine learning algorithms to predict genomic features, functions, and the outcomes of gene-editing interventions like Crispr
G05;After the Nobel what next for Crispr gene-editing therapies?;https://www.theguardian.com/science/2021/feb/21/after-the-nobel-what-next-for-crispr-gene-editing-therapies;G05.C2;tools for mapping genomic edits, visualizing gene expression patterns, and understanding the spatial and functional relationships between different genomic elements from the vast amounts of data generated by Crispr experiments and other genomic studies
G06;Elon Musk: regulate AI to combat 'existential threat' before it's too late;https://www.theguardian.com/technology/2017/jul/17/elon-musk-regulation-ai-combat-existential-threat-tesla-spacex-ceo;G06.1;ubiquity
G06;Elon Musk: regulate AI to combat 'existential threat' before it's too late;https://www.theguardian.com/technology/2017/jul/17/elon-musk-regulation-ai-combat-existential-threat-tesla-spacex-ceo;G06.2;self driving
G06;Elon Musk: regulate AI to combat 'existential threat' before it's too late;https://www.theguardian.com/technology/2017/jul/17/elon-musk-regulation-ai-combat-existential-threat-tesla-spacex-ceo;G06.C1;ethical considerations, governance frameworks, and policies for the responsible development and deployment of AI technologies
G06;Elon Musk: regulate AI to combat 'existential threat' before it's too late;https://www.theguardian.com/technology/2017/jul/17/elon-musk-regulation-ai-combat-existential-threat-tesla-spacex-ceo;G06.C2;technical challenges and strategies to ensure AI systems are safe, secure, and do not pose unintended harmful consequences
G06;Elon Musk: regulate AI to combat 'existential threat' before it's too late;https://www.theguardian.com/technology/2017/jul/17/elon-musk-regulation-ai-combat-existential-threat-tesla-spacex-ceo;G06.C3;legal implications, regulatory standards, and compliance issues associated with AI technologies
G07;Misinformation runs rampant as Facebook says it may take a week before it unblocks some pages;https://www.theguardian.com/technology/2021/feb/19/misinformation-runs-rampant-as-facebook-says-it-may-take-a-week-before-it-unblocks-some-pages;G07.1;misinformation
G07;Misinformation runs rampant as Facebook says it may take a week before it unblocks some pages;https://www.theguardian.com/technology/2021/feb/19/misinformation-runs-rampant-as-facebook-says-it-may-take-a-week-before-it-unblocks-some-pages;G07.2;conspiracy theories
G07;Misinformation runs rampant as Facebook says it may take a week before it unblocks some pages;https://www.theguardian.com/technology/2021/feb/19/misinformation-runs-rampant-as-facebook-says-it-may-take-a-week-before-it-unblocks-some-pages;G07.C1;use of NLP techniques to detect and analyze misinformation in textual content on social media platforms
G07;Misinformation runs rampant as Facebook says it may take a week before it unblocks some pages;https://www.theguardian.com/technology/2021/feb/19/misinformation-runs-rampant-as-facebook-says-it-may-take-a-week-before-it-unblocks-some-pages;G07.C2;study of social networks to understand the spread and impact of misinformation
G08;Bitcoin's market value exceeds $1tn after price soars;https://www.theguardian.com/technology/2021/feb/19/bitcoins-market-value-exceeds-1tn-after-price-soars-to-above-54000;G08.1;cryptocurrency
G08;Bitcoin's market value exceeds $1tn after price soars;https://www.theguardian.com/technology/2021/feb/19/bitcoins-market-value-exceeds-1tn-after-price-soars-to-above-54000;G08.2;financial markets
G08;Bitcoin's market value exceeds $1tn after price soars;https://www.theguardian.com/technology/2021/feb/19/bitcoins-market-value-exceeds-1tn-after-price-soars-to-above-54000;G08.C1;understand the cryptographic underpinnings of blockchain technology, which is the foundation of Bitcoin and other cryptocurrencies
G08;Bitcoin's market value exceeds $1tn after price soars;https://www.theguardian.com/technology/2021/feb/19/bitcoins-market-value-exceeds-1tn-after-price-soars-to-above-54000;G08.C2;study of distributed ledger technology and the consensus mechanisms (like Proof of Work) that enable the decentralized operation of cryptocurrencies
G08;Bitcoin's market value exceeds $1tn after price soars;https://www.theguardian.com/technology/2021/feb/19/bitcoins-market-value-exceeds-1tn-after-price-soars-to-above-54000;G08.C3;application of computational techniques to analyze cryptocurrency markets, price fluctuations, and economic implications
G09;Forensic Architecture: detail behind the devilry;https://www.theguardian.com/artanddesign/2018/feb/25/forensic-architects-eyal-weizman;G09.1;forensics
G09;Forensic Architecture: detail behind the devilry;https://www.theguardian.com/artanddesign/2018/feb/25/forensic-architects-eyal-weizman;G09.C1;computer science techniques to analyze spatial data and imagery, particularly for reconstructing crime scenes or human rights violation incidents
G09;Forensic Architecture: detail behind the devilry;https://www.theguardian.com/artanddesign/2018/feb/25/forensic-architects-eyal-weizman;G09.C2;use of 3D modeling and advanced data visualization techniques to reconstruct events and present evidence in a comprehensible format
G09;Forensic Architecture: detail behind the devilry;https://www.theguardian.com/artanddesign/2018/feb/25/forensic-architects-eyal-weizman;G09.C3;application of machine learning algorithms to analyze large datasets, such as videos, photographs, and satellite images, for forensic investigation
G10;Robots on the rise as Americans experience record job losses amid pandemic;https://www.theguardian.com/technology/2020/nov/27/robots-replacing-jobs-automation-unemployment-us;G10.1;humanoid robots
G10;Robots on the rise as Americans experience record job losses amid pandemic;https://www.theguardian.com/technology/2020/nov/27/robots-replacing-jobs-automation-unemployment-us;G10.2;disrupting
G10;Robots on the rise as Americans experience record job losses amid pandemic;https://www.theguardian.com/technology/2020/nov/27/robots-replacing-jobs-automation-unemployment-us;G10.C1;study of robotic technologies and automated systems that are replacing human labor in various sectors
G10;Robots on the rise as Americans experience record job losses amid pandemic;https://www.theguardian.com/technology/2020/nov/27/robots-replacing-jobs-automation-unemployment-us;G10.C2;economic implications of increased automation and AI in the workforce, including job displacement and creation
G10;Robots on the rise as Americans experience record job losses amid pandemic;https://www.theguardian.com/technology/2020/nov/27/robots-replacing-jobs-automation-unemployment-us;G10.C3;interaction between humans and automated systems, and how the workforce adapts to these technological changes
G11;UK wants new drones in wake of Azerbaijan military success;https://www.theguardian.com/world/2020/dec/29/uk-defence-secretary-hails-azerbaijans-use-of-drones-in-conflict;G11.1;drones
G11;UK wants new drones in wake of Azerbaijan military success;https://www.theguardian.com/world/2020/dec/29/uk-defence-secretary-hails-azerbaijans-use-of-drones-in-conflict;G11.C1;development, control, and automation of drones
G11;UK wants new drones in wake of Azerbaijan military success;https://www.theguardian.com/world/2020/dec/29/uk-defence-secretary-hails-azerbaijans-use-of-drones-in-conflict;G11.C2;how AI is used in drones for decision-making, surveillance, and combat
G11;UK wants new drones in wake of Azerbaijan military success;https://www.theguardian.com/world/2020/dec/29/uk-defence-secretary-hails-azerbaijans-use-of-drones-in-conflict;G11.C3;secure and efficient communication between drones and control stations
G12;Patient data from GP surgeries sold to US companies;https://www.theguardian.com/politics/2019/dec/07/nhs-medical-data-sales-american-pharma-lack-transparency;G12.1;patient data
G12;Patient data from GP surgeries sold to US companies;https://www.theguardian.com/politics/2019/dec/07/nhs-medical-data-sales-american-pharma-lack-transparency;G12.C1;ethics surrounding the sale and use of health data for commercial purposes
G12;Patient data from GP surgeries sold to US companies;https://www.theguardian.com/politics/2019/dec/07/nhs-medical-data-sales-american-pharma-lack-transparency;G12.C2;potential technologies for ensuring the security and privacy of health data
G12;Patient data from GP surgeries sold to US companies;https://www.theguardian.com/politics/2019/dec/07/nhs-medical-data-sales-american-pharma-lack-transparency;G12.C3;laws and regulations affecting the transfer and use of health data across countries
G12;Patient data from GP surgeries sold to US companies;https://www.theguardian.com/politics/2019/dec/07/nhs-medical-data-sales-american-pharma-lack-transparency;G12.C4;use of patient data for research by pharmaceutical companies, including data analysis techniques
G13;Baffled by digital marketing? Find your way out of the maze;https://www.theguardian.com/small-business-network/2016/apr/22/baffled-digital-marketing-seo-content;G13.1;digital marketing
G13;Baffled by digital marketing? Find your way out of the maze;https://www.theguardian.com/small-business-network/2016/apr/22/baffled-digital-marketing-seo-content;G13.2;advertising
G13;Baffled by digital marketing? Find your way out of the maze;https://www.theguardian.com/small-business-network/2016/apr/22/baffled-digital-marketing-seo-content;G13.C1;Search Engine Optimization (SEO) - Techniques and strategies to improve website visibility in search engine results pages (SERPs)
G13;Baffled by digital marketing? Find your way out of the maze;https://www.theguardian.com/small-business-network/2016/apr/22/baffled-digital-marketing-seo-content;G13.C2;Pay-Per-Click (PPC) Advertising - A model of internet marketing in which advertisers pay a fee each time one of their ads is clicked
G13;Baffled by digital marketing? Find your way out of the maze;https://www.theguardian.com/small-business-network/2016/apr/22/baffled-digital-marketing-seo-content;G13.C3;Social Media Marketing (SMM) - Utilizing social media platforms to connect with your audience to build your brand, increase sales, and drive website traffic
G13;Baffled by digital marketing? Find your way out of the maze;https://www.theguardian.com/small-business-network/2016/apr/22/baffled-digital-marketing-seo-content;G13.C4;Content Marketing - A strategic marketing approach focused on creating and distributing valuable, relevant, and consistent content to attract and retain a clearly defined audience
G13;Baffled by digital marketing? Find your way out of the maze;https://www.theguardian.com/small-business-network/2016/apr/22/baffled-digital-marketing-seo-content;G13.C5;Email Marketing - The use of email to promote products or services while developing relationships with potential customers or clients
G14;End-to-end encryption protects children says UK information watchdog;https://www.theguardian.com/technology/2022/jan/21/end-to-end-encryption-protects-children-says-uk-information-watchdog;G14.1;online safety for children
G14;End-to-end encryption protects children says UK information watchdog;https://www.theguardian.com/technology/2022/jan/21/end-to-end-encryption-protects-children-says-uk-information-watchdog;G14.2;end to end encryption
G14;End-to-end encryption protects children says UK information watchdog;https://www.theguardian.com/technology/2022/jan/21/end-to-end-encryption-protects-children-says-uk-information-watchdog;G14.C1;Cryptography and End-to-End Encryption - Fundamental technologies and protocols for securing communications
G14;End-to-end encryption protects children says UK information watchdog;https://www.theguardian.com/technology/2022/jan/21/end-to-end-encryption-protects-children-says-uk-information-watchdog;G14.C2;Cybersecurity Measures and Online Safety - Strategies and technologies to protect users, especially children, in the digital environment
G14;End-to-end encryption protects children says UK information watchdog;https://www.theguardian.com/technology/2022/jan/21/end-to-end-encryption-protects-children-says-uk-information-watchdog;G14.C3;Data Protection and Regulation Compliance - Understanding the impact of laws and regulations on technology design and implementation, specifically regarding encryption and privacy
G14;End-to-end encryption protects children says UK information watchdog;https://www.theguardian.com/technology/2022/jan/21/end-to-end-encryption-protects-children-says-uk-information-watchdog;G14.C4;Ethical Considerations in Encryption Technologies - The balance between encryption for security and potential misuse, including access by law enforcement
G15;What is GDPR and why does the UK want to reshape its data laws?;https://www.theguardian.com/technology/2021/aug/26/what-gdpr-why-does-uk-want-reshape-data-laws;G15.1;Snowden
G15;What is GDPR and why does the UK want to reshape its data laws?;https://www.theguardian.com/technology/2021/aug/26/what-gdpr-why-does-uk-want-reshape-data-laws;G15.2;cookies
G15;What is GDPR and why does the UK want to reshape its data laws?;https://www.theguardian.com/technology/2021/aug/26/what-gdpr-why-does-uk-want-reshape-data-laws;G15.3;GDPR
G15;What is GDPR and why does the UK want to reshape its data laws?;https://www.theguardian.com/technology/2021/aug/26/what-gdpr-why-does-uk-want-reshape-data-laws;G15.4;ePrivacy
G15;What is GDPR and why does the UK want to reshape its data laws?;https://www.theguardian.com/technology/2021/aug/26/what-gdpr-why-does-uk-want-reshape-data-laws;G15.C1;Data Privacy and Protection Laws - The evolution of data protection laws, including GDPR, and their impact on technology and business practices
G15;What is GDPR and why does the UK want to reshape its data laws?;https://www.theguardian.com/technology/2021/aug/26/what-gdpr-why-does-uk-want-reshape-data-laws;G15.C2;Impact of Legislation on Data-Driven Innovation - Examining how data protection legislation affects data-driven business models and technological innovation
G15;What is GDPR and why does the UK want to reshape its data laws?;https://www.theguardian.com/technology/2021/aug/26/what-gdpr-why-does-uk-want-reshape-data-laws;G15.C3;Cross-Border Data Transfer and Legal Implications - The challenges and solutions for cross-border data transfers under differing legal frameworks
G15;What is GDPR and why does the UK want to reshape its data laws?;https://www.theguardian.com/technology/2021/aug/26/what-gdpr-why-does-uk-want-reshape-data-laws;G15.C4;Ethical and Social Implications of Data Legislation - The broader ethical and societal considerations of data privacy legislation, including user rights and corporate responsibilities
G16;Algorithms are more like puppies than monsters they want to please you;https://www.theguardian.com/media-network/2016/jun/06/algorithms-more-puppies-than-monsters-please-you-natural-language-processing;G16.1;algorithm
G16;Algorithms are more like puppies than monsters they want to please you;https://www.theguardian.com/media-network/2016/jun/06/algorithms-more-puppies-than-monsters-please-you-natural-language-processing;G16.2;NLP applications
G16;Algorithms are more like puppies than monsters they want to please you;https://www.theguardian.com/media-network/2016/jun/06/algorithms-more-puppies-than-monsters-please-you-natural-language-processing;G16.3;accountability
G16;Algorithms are more like puppies than monsters they want to please you;https://www.theguardian.com/media-network/2016/jun/06/algorithms-more-puppies-than-monsters-please-you-natural-language-processing;G16.4;OpenNLP
G16;Algorithms are more like puppies than monsters they want to please you;https://www.theguardian.com/media-network/2016/jun/06/algorithms-more-puppies-than-monsters-please-you-natural-language-processing;G16.C1;Algorithms and Ethics - Discussing the moral implications and the human-like nature of algorithms
G16;Algorithms are more like puppies than monsters they want to please you;https://www.theguardian.com/media-network/2016/jun/06/algorithms-more-puppies-than-monsters-please-you-natural-language-processing;G16.C2;how algorithms are designed with human interaction in mind
G17;The next giant leap: why Boris Johnson wants to ‘go big’ on quantum computing;https://www.theguardian.com/technology/2021/nov/21/next-giant-leap-boris-johnson-go-big-on-quantum-computing;G17.1;quantum computing
G17;The next giant leap: why Boris Johnson wants to ‘go big’ on quantum computing;https://www.theguardian.com/technology/2021/nov/21/next-giant-leap-boris-johnson-go-big-on-quantum-computing;G17.2;qbit
G17;The next giant leap: why Boris Johnson wants to ‘go big’ on quantum computing;https://www.theguardian.com/technology/2021/nov/21/next-giant-leap-boris-johnson-go-big-on-quantum-computing;G17.3;Jay Gambetta
G17;The next giant leap: why Boris Johnson wants to ‘go big’ on quantum computing;https://www.theguardian.com/technology/2021/nov/21/next-giant-leap-boris-johnson-go-big-on-quantum-computing;G17.4;quantum applications
G17;The next giant leap: why Boris Johnson wants to ‘go big’ on quantum computing;https://www.theguardian.com/technology/2021/nov/21/next-giant-leap-boris-johnson-go-big-on-quantum-computing;G17.C1;Government and Policy Interest in Quantum Computing - The reasons behind political interest in quantum computing, including its potential for economic and national security benefits
G17;The next giant leap: why Boris Johnson wants to ‘go big’ on quantum computing;https://www.theguardian.com/technology/2021/nov/21/next-giant-leap-boris-johnson-go-big-on-quantum-computing;G17.C2;Challenges and Limitations of Quantum Computing - Technical and practical challenges that need to be overcome for quantum computing to become more widely adopted
G18;New crowdsourced recruitment tool aims to get more women into tech;https://www.theguardian.com/careers/2018/nov/12/new-crowdsourced-recruitment-tool-aims-to-get-more-women-into-tech;G18.1;Peer recomendations
G18;New crowdsourced recruitment tool aims to get more women into tech;https://www.theguardian.com/careers/2018/nov/12/new-crowdsourced-recruitment-tool-aims-to-get-more-women-into-tech;G18.2;Crowsourcing
G18;New crowdsourced recruitment tool aims to get more women into tech;https://www.theguardian.com/careers/2018/nov/12/new-crowdsourced-recruitment-tool-aims-to-get-more-women-into-tech;G18.3;tech job search
G18;New crowdsourced recruitment tool aims to get more women into tech;https://www.theguardian.com/careers/2018/nov/12/new-crowdsourced-recruitment-tool-aims-to-get-more-women-into-tech;G18.4;=+women +computer -games
G18;New crowdsourced recruitment tool aims to get more women into tech;https://www.theguardian.com/careers/2018/nov/12/new-crowdsourced-recruitment-tool-aims-to-get-more-women-into-tech;G18.C1;Diversity and Inclusion in Tech - The challenges and current state of diversity within the tech industry, particularly concerning gender representation
G18;New crowdsourced recruitment tool aims to get more women into tech;https://www.theguardian.com/careers/2018/nov/12/new-crowdsourced-recruitment-tool-aims-to-get-more-women-into-tech;G18.C2;Crowdsourced Recruitment Tools - The development and application of innovative recruitment tools that leverage crowdsourcing to address diversity and inclusion
G18;New crowdsourced recruitment tool aims to get more women into tech;https://www.theguardian.com/careers/2018/nov/12/new-crowdsourced-recruitment-tool-aims-to-get-more-women-into-tech;G18.C3;Case Studies or Examples of Successful Diversity Initiatives - Examples of companies or initiatives that have successfully improved diversity within tech through innovative approaches
G18;New crowdsourced recruitment tool aims to get more women into tech;https://www.theguardian.com/careers/2018/nov/12/new-crowdsourced-recruitment-tool-aims-to-get-more-women-into-tech;G18.C4;Impact of Diversity on Tech Industry - Analysis of how increased diversity affects team performance, innovation, and the broader tech industry
G19;International Space Station attacked by ‘virus epidemics’;Https://www.theguardian.com/technology/2013/nov/12/international-space-station-virus-epidemics-malware;G19.1;International Space Station Linux
G19;International Space Station attacked by ‘virus epidemics’;Https://www.theguardian.com/technology/2013/nov/12/international-space-station-virus-epidemics-malware;G19.2;Kasperky Linux
G19;International Space Station attacked by ‘virus epidemics’;Https://www.theguardian.com/technology/2013/nov/12/international-space-station-virus-epidemics-malware;G19.3;malicious password swiping malware
G19;International Space Station attacked by ‘virus epidemics’;Https://www.theguardian.com/technology/2013/nov/12/international-space-station-virus-epidemics-malware;G19.C1;Malware and Virus Epidemics in Unconventional Settings - Analysis of malware incidents in environments outside of traditional computing contexts
G19;International Space Station attacked by ‘virus epidemics’;Https://www.theguardian.com/technology/2013/nov/12/international-space-station-virus-epidemics-malware;G19.C2;Cybersecurity Measures for Space Missions - Strategies and technologies for protecting space-bound computer systems from cyber threats
G19;International Space Station attacked by ‘virus epidemics’;Https://www.theguardian.com/technology/2013/nov/12/international-space-station-virus-epidemics-malware;G19.C3;Impact of Cybersecurity Incidents on Space Missions - Examination of the potential consequences of malware infections for the operation and safety of space missions
G20;Open data is a force for good but not without risks;https://www.theguardian.com/society/2012/jul/10/open-data-force-for-good-risks;G20.1;open data risk
G20;Open data is a force for good but not without risks;https://www.theguardian.com/society/2012/jul/10/open-data-force-for-good-risks;G20.2;open data impact of policies
G20;Open data is a force for good but not without risks;https://www.theguardian.com/society/2012/jul/10/open-data-force-for-good-risks;G20.C1;Open Data Initiatives - The principles, goals, and implementation strategies of open data initiatives by governments and other entities
G20;Open data is a force for good but not without risks;https://www.theguardian.com/society/2012/jul/10/open-data-force-for-good-risks;G20.C2;Data Privacy and Security Risks - The challenges and concerns associated with ensuring data privacy and security in the context of open data
G20;Open data is a force for good but not without risks;https://www.theguardian.com/society/2012/jul/10/open-data-force-for-good-risks;G20.C3;Data Reuse and Applications - The potential for innovation and development through the reuse of open data in various applications, including public services, research, and technology development
T01;Curve Light: A highly performing indoor positioning system;https://techxplore.com/news/2021-12-highly-indoor-positioning.html;T01.1;indoor positioning system
T01;Curve Light: A highly performing indoor positioning system;https://techxplore.com/news/2021-12-highly-indoor-positioning.html;T01.2;light positioning
T01;Curve Light: A highly performing indoor positioning system;https://techxplore.com/news/2021-12-highly-indoor-positioning.html;T01.3;LED lamp
T02;Studying RISC-V architecture to create customized systems for space computing;https://techxplore.com/news/2021-09-risc-v-architecture-customized-space.html;T02.1;spacecraft
T02;Studying RISC-V architecture to create customized systems for space computing;https://techxplore.com/news/2021-09-risc-v-architecture-customized-space.html;T02.2;RISC-V
T02;Studying RISC-V architecture to create customized systems for space computing;https://techxplore.com/news/2021-09-risc-v-architecture-customized-space.html;T02.3;architecture modularity
T03;RoboTurk: A crowdsourcing platform for imitation learning in robotics;https://techxplore.com/news/2018-11-roboturk-crowdsourcing-platform-imitation-robotics.html;T03.1;imitation learning
T03;RoboTurk: A crowdsourcing platform for imitation learning in robotics;https://techxplore.com/news/2018-11-roboturk-crowdsourcing-platform-imitation-robotics.html;T03.2;crowdsourcing
T03;RoboTurk: A crowdsourcing platform for imitation learning in robotics;https://techxplore.com/news/2018-11-roboturk-crowdsourcing-platform-imitation-robotics.html;T03.3;robot learning
T04;Artificial intelligence—parking a car with only 12 neurons;https://techxplore.com/news/2018-10-artificial-intelligenceparking-car-neurons.html;T04.1;intelligent parking
T04;Artificial intelligence—parking a car with only 12 neurons;https://techxplore.com/news/2018-10-artificial-intelligenceparking-car-neurons.html;T04.2;RNN
T04;Artificial intelligence—parking a car with only 12 neurons;https://techxplore.com/news/2018-10-artificial-intelligenceparking-car-neurons.html;T04.3;nematode
T04;Artificial intelligence—parking a car with only 12 neurons;https://techxplore.com/news/2018-10-artificial-intelligenceparking-car-neurons.html;T04.4;small neural network
T05;New ‘emotional’ robots aim to read human feelings;https://techxplore.com/news/2018-01-emotional-robots-aim-human.html;T05.1;emotional robot
T05;New ‘emotional’ robots aim to read human feelings;https://techxplore.com/news/2018-01-emotional-robots-aim-human.html;T05.2;emotion detection
T05;New ‘emotional’ robots aim to read human feelings;https://techxplore.com/news/2018-01-emotional-robots-aim-human.html;T05.3;emotion synthesis
T05;New ‘emotional’ robots aim to read human feelings;https://techxplore.com/news/2018-01-emotional-robots-aim-human.html;T05.4;empathy
T06;AI system-on-chip runs on solar power;https://techxplore.com/news/2021-06-ai-system-on-chip-solar-power.html;T06.1;system-on-chip
T06;AI system-on-chip runs on solar power;https://techxplore.com/news/2021-06-ai-system-on-chip-solar-power.html;T06.2;energy efficiency
T06;AI system-on-chip runs on solar power;https://techxplore.com/news/2021-06-ai-system-on-chip-solar-power.html;T06.3;neural network accelerator
T07;Transfer learning offers new insight into machine-learning error estimation;https://techxplore.com/news/2022-03-insight-machine-learning-error.html;T07.1;transfer learning
T07;Transfer learning offers new insight into machine-learning error estimation;https://techxplore.com/news/2022-03-insight-machine-learning-error.html;T07.2;Bayesian approach
T07;Transfer learning offers new insight into machine-learning error estimation;https://techxplore.com/news/2022-03-insight-machine-learning-error.html;T07.3;classification
T07;Transfer learning offers new insight into machine-learning error estimation;https://techxplore.com/news/2022-03-insight-machine-learning-error.html;T07.4;error estimator
T08;What is 3G and why is it being shut down? An electrical engineer explains;https://techxplore.com/news/2022-02-3g-electrical.html;T08.1;3G
T08;What is 3G and why is it being shut down? An electrical engineer explains;https://techxplore.com/news/2022-02-3g-electrical.html;T08.2;CDMA
T08;What is 3G and why is it being shut down? An electrical engineer explains;https://techxplore.com/news/2022-02-3g-electrical.html;T08.3;OFDMA
T09;Using AI to fill in the missing gaps in ancient texts;https://techxplore.com/news/2022-03-ai-gaps-ancient-texts.html;T09.1;ancient text
T09;Using AI to fill in the missing gaps in ancient texts;https://techxplore.com/news/2022-03-ai-gaps-ancient-texts.html;T09.2;text reconstruction
T09;Using AI to fill in the missing gaps in ancient texts;https://techxplore.com/news/2022-03-ai-gaps-ancient-texts.html;T09.3;text classification
T10;Retina-inspired sensors for more adaptive visual perception;https://techxplore.com/news/2022-03-retina-inspired-sensors-visual-perception.html;T10.1;optoelectronic
T10;Retina-inspired sensors for more adaptive visual perception;https://techxplore.com/news/2022-03-retina-inspired-sensors-visual-perception.html;T10.2;visual adaptation
T10;Retina-inspired sensors for more adaptive visual perception;https://techxplore.com/news/2022-03-retina-inspired-sensors-visual-perception.html;T10.3;phototransistor
T10;Retina-inspired sensors for more adaptive visual perception;https://techxplore.com/news/2022-03-retina-inspired-sensors-visual-perception.html;T10.4;vision sensor
T11;Data scientist builds a detailed network map of 'The Witcher';https://techxplore.com/news/2022-02-scientist-network-witcher.html;T11.1;character relationship
T11;Data scientist builds a detailed network map of 'The Witcher';https://techxplore.com/news/2022-02-scientist-network-witcher.html;T11.2;storyline visualization
T11;Data scientist builds a detailed network map of 'The Witcher';https://techxplore.com/news/2022-02-scientist-network-witcher.html;T11.3;social map
T12;Deep-learning diagnoses: AI detects COVID-19 from smartwatch sensors;https://techxplore.com/news/2022-03-deep-learning-ai-covid-smartwatch-sensors.html;T12.1;deep learning
T12;Deep-learning diagnoses: AI detects COVID-19 from smartwatch sensors;https://techxplore.com/news/2022-03-deep-learning-ai-covid-smartwatch-sensors.html;T12.2;smartwatch
T12;Deep-learning diagnoses: AI detects COVID-19 from smartwatch sensors;https://techxplore.com/news/2022-03-deep-learning-ai-covid-smartwatch-sensors.html;T12.3;diagnosis
T12;Deep-learning diagnoses: AI detects COVID-19 from smartwatch sensors;https://techxplore.com/news/2022-03-deep-learning-ai-covid-smartwatch-sensors.html;T12.4;healthcare
T13;Injecting fairness into machine-learning models;https://techxplore.com/news/2022-03-fairness-machine-learning.html;T13.1;fairness
T13;Injecting fairness into machine-learning models;https://techxplore.com/news/2022-03-fairness-machine-learning.html;T13.2;bias
T13;Injecting fairness into machine-learning models;https://techxplore.com/news/2022-03-fairness-machine-learning.html;T13.3;imbalanced data
T13;Injecting fairness into machine-learning models;https://techxplore.com/news/2022-03-fairness-machine-learning.html;T13.4;sensitive attribute
T14;Aqua-Fi: Underwater WiFi developed using LEDs and lasers;https://techxplore.com/news/2020-06-aqua-fi-underwater-wifi-lasers.html;T14.1;wifi
T14;Aqua-Fi: Underwater WiFi developed using LEDs and lasers;https://techxplore.com/news/2020-06-aqua-fi-underwater-wifi-lasers.html;T14.2;underwater wireless
T14;Aqua-Fi: Underwater WiFi developed using LEDs and lasers;https://techxplore.com/news/2020-06-aqua-fi-underwater-wifi-lasers.html;T14.3;light beam
T15;Cyberattack can steal data via cooling fan vibrations;https://techxplore.com/news/2020-04-cyberattack-cooling-fan-vibrations.html;T15.1;cyber-security
T15;Cyberattack can steal data via cooling fan vibrations;https://techxplore.com/news/2020-04-cyberattack-cooling-fan-vibrations.html;T15.2;side-channel attack
T15;Cyberattack can steal data via cooling fan vibrations;https://techxplore.com/news/2020-04-cyberattack-cooling-fan-vibrations.html;T15.3;accelerometer
T16;How it takes just six seconds to hack a credit card;https://techxplore.com/news/2016-12-seconds-hack-credit-card.html;T16.1;credit card fraud
T16;How it takes just six seconds to hack a credit card;https://techxplore.com/news/2016-12-seconds-hack-credit-card.html;T16.2;guessing attack
T16;How it takes just six seconds to hack a credit card;https://techxplore.com/news/2016-12-seconds-hack-credit-card.html;T16.3;distributed attack
T17;Unfixable security flaw found in Intel chipset;https://techxplore.com/news/2020-03-unfixable-flaw-intel-chipset.html;T17.1;chipset
T17;Unfixable security flaw found in Intel chipset;https://techxplore.com/news/2020-03-unfixable-flaw-intel-chipset.html;T17.2;OTP memory
T17;Unfixable security flaw found in Intel chipset;https://techxplore.com/news/2020-03-unfixable-flaw-intel-chipset.html;T17.3;vulnerability
T17;Unfixable security flaw found in Intel chipset;https://techxplore.com/news/2020-03-unfixable-flaw-intel-chipset.html;T17.4;key generation
T18;Backscatter breakthrough runs near-zero-power IoT communicators at 5G speeds everywhere;https://techxplore.com/news/2021-06-backscatter-breakthrough-near-zero-power-iot-5g.html;T18.1;backscatter
T18;Backscatter breakthrough runs near-zero-power IoT communicators at 5G speeds everywhere;https://techxplore.com/news/2021-06-backscatter-breakthrough-near-zero-power-iot-5g.html;T18.2;low power IoT
T18;Backscatter breakthrough runs near-zero-power IoT communicators at 5G speeds everywhere;https://techxplore.com/news/2021-06-backscatter-breakthrough-near-zero-power-iot-5g.html;T18.3;passive device
T18;Backscatter breakthrough runs near-zero-power IoT communicators at 5G speeds everywhere;https://techxplore.com/news/2021-06-backscatter-breakthrough-near-zero-power-iot-5g.html;T18.4;mmWave
T19;A new genetic algorithm for traffic control optimization;https://techxplore.com/news/2019-07-genetic-algorithm-traffic-optimization.html;T19.1;traffic optimization
T19;A new genetic algorithm for traffic control optimization;https://techxplore.com/news/2019-07-genetic-algorithm-traffic-optimization.html;T19.2;genetic algorithm
T19;A new genetic algorithm for traffic control optimization;https://techxplore.com/news/2019-07-genetic-algorithm-traffic-optimization.html;T19.3;road accident
T20;Software developed to help programmers prototype graphic user interfaces;https://techxplore.com/news/2020-11-software-programmers-prototype-graphic-user.html;T20.1;user-friendly
T20;Software developed to help programmers prototype graphic user interfaces;https://techxplore.com/news/2020-11-software-programmers-prototype-graphic-user.html;T20.2;graphical user interface
